"","ID","Weight","n","School","Career","AverageTrips","TotalTrips"
"1","SEIT_PGRD",0.24,1200,"SEIT","PGRD",3.29635499207607,791.125198098257
"2","SEIT_UGRD",0.16,800,"SEIT","UGRD",5.16179775280899,825.887640449438
"3","HASS_PGRD",0.12,600,"HASS","PGRD",2.74439461883408,329.32735426009
"4","HASS_UGRD",0.08,400,"HASS","UGRD",4.67924528301887,374.339622641509
"5","BUS_PGRD",0.12,600,"BUS","PGRD",2.98958333333333,358.75
"6","BUS_UGRD",0.08,400,"BUS","UGRD",4.97887323943662,398.30985915493
"7","SCI_PGRD",0.12,600,NA,NA,NA,NA
"8","SCI_UGRD",0.08,400,"SCI","UGRD",4.525,362
