"","Zone","Trips","Trips_Auto","Trips_PT","Trips_Active"
"1","Belconnen",853.580039384265,452.460666898066,387.951225116427,13.1681473697721
"2","Gungahlin",677.13450139257,379.270958243667,157.164821413204,140.698721735699
"3","Inner North",708.914644158953,353.64201873232,88.0224637256303,267.250161701003
"4","Inner South",326.58779690139,165.285233419956,56.7518062272953,104.550757254138
"5","Woden",318.668665105938,287.480365127049,11.3392814267247,19.8490185521639
"6","West Creek",163.446634601963,72.8652316502786,88.5475915038461,2.03381144783783
"7","Tuggeranong",604.071900855157,472.426029359406,124.229564802254,7.41630669349726
"8","Queanbeyan",499.804450770229,204.23120076392,276.426122797248,19.147127209061
"9","TOTAL",4152.20863317046,2387.66170419466,1190.43287701263,574.114051963173
