"","Zone","Trips","Trips_Auto","Trips_PT","Trips_ODT","Trips_Active"
"1","Belconnen",918.968057740408,154.967624418784,90.1827589436327,665.285739052223,8.53193532576761
"2","Gungahlin",503.342293948583,31.5391562692535,7.78862955844329,426.598455378503,37.4160527423835
"3","Inner North",781.482076245033,240.383630260276,37.3905125505935,218.808541672379,284.899391761785
"4","Inner South",321.887016140072,106.700748054978,23.9461734152528,85.3895472623144,105.850547407526
"5","Queanbeyan",455.648563816093,40.2028700424041,38.8112839507833,367.009655189976,9.62475463292887
"6","Tuggeranong",465.6379328312,83.7015867497876,11.6585120503018,366.379466300558,3.89836773055316
"7","West Creek",147.163683383395,13.7144909892679,11.5302163672537,121.012097702616,0.906878324257649
"8","Woden",367.256560655593,197.469767693865,3.4659997931071,142.391927525773,23.9288656428483
"9","TOTAL",3961.38618476038,868.679874478616,224.774086629368,2392.87543008434,475.05679356805
