"","ID","Freq","n","School","Career","Mean","n trips"
"1","SEIT_PGRD",0.24,1200,"SEIT","PGRD",3.29635499207607,3955.62599049128
"2","SEIT_UGRD",0.16,800,"SEIT","UGRD",5.16179775280899,4129.43820224719
"3","HASS_PGRD",0.12,600,"HASS","PGRD",2.74439461883408,1646.63677130045
"4","HASS_UGRD",0.08,400,"HASS","UGRD",4.67924528301887,1871.69811320755
"5","BUS_PGRD",0.12,600,"BUS","PGRD",2.98958333333333,1793.75
"6","BUS_UGRD",0.08,400,"BUS","UGRD",4.97887323943662,1991.54929577465
"7","SCI_PGRD",0.12,600,NA,NA,NA,NA
"8","SCI_UGRD",0.08,400,"SCI","UGRD",4.525,1810
